Sample,A1 (log),A2 (log),A3 (log),B1 (log),B2 (log),B3 (log)
O76070,28.4093,28.4571,28.4079,24.2764,24.282,24.2039
P01344,27.3634,27.3992,27.4749,24.6298,24.7318,24.6588
P01579,27.4046,27.366,27.3746,23.6266,23.4383,23.6778
P00709,27.1375,27.0455,27.0754,22.8383,23.0267,22.7572
P41159,28.2265,28.144,28.2282,24.4721,24.7233,24.6629
P00918,28.0441,28.0656,28.0349,24.1669,24.5198,24.4695
P01112,26.9536,27.1533,27.1531,23.4578,23.764,23.6991
Q15843,25.8749,25.6757,25.4906,22.0116,21.7826,21.9482
P10636,29.2647,29.3168,29.2429,25.9277,25.5643,25.5549
P04040,29.7079,29.6987,29.8278,24.9581,25.4564,25.5225
P12081,28.7969,28.8339,28.7789,24.4222,24.9855,24.8566
P02144,27.4309,27.4639,27.5381,24.1485,23.7261,23.6476
P15559,27.4422,27.4486,27.5988,23.6527,24.1585,23.724
Q06830,28.1857,28.2873,28.1245,23.8224,24.43,24.2954
P02768,29.8461,29.9038,29.8896,25.7762,26.2516,26.3585
P01375,28.3338,28.3519,28.3996,24.9581,24.3512,24.7432
P06732,28.8598,28.8978,28.8694,24.6027,25.0692,25.2554
P05413,27.3039,27.4669,27.6404,23.9493,24.0425,23.5443
P02788,29.991,29.9647,29.9373,25.3316,25.8393,26.0482
P02787,29.1926,29.1322,29.1461,24.6512,25.1595,25.3434
P00167,27.7759,27.7305,27.7219,23.8352,23.1131,23.6905
P00441,26.5761,26.5309,26.5501,24.086,23.8423,23.5607
P09211,26.3848,26.0768,26.3778,22.0116,22.7098,22.1919
P01031,26.2539,26.1237,26.2428,22.0116,22.7941,22.3462
P06396,29.4061,29.3414,29.3476,25.0856,25.9123,25.7895
P99999,26.5161,26.474,26.6095,22.0116,23.0101,22.4533
P01133,24.8412,24.9231,24.7606,22.0116,21.2633,21.3512
O00762,28.515,28.4535,28.5824,25.6613,24.8875,25.003
P10599,25.7435,25.5902,25.6377,22.0116,22.6009,22.8312
P62979,25.0645,25.1296,24.9955,21.8203,21.8775,22.6858
P55957,27.9058,27.9581,27.8985,22.8932,24.2054,24.138
P01127,26.9927,27.0752,27.1024,22.0116,23.4052,23.2327
P62937,27.1414,26.9434,27.0771,22.0116,22.7538,23.5684
P51965,26.2089,26.2791,26.1772,22.0116,23.2561,23.1307
P61769,26.1714,26.1958,26.3368,22.0116,23.0169,23.3539
P02753,25.9269,25.9823,26.0178,23.7601,23.9609,23.0138
P63279,26.3766,26.5599,26.6012,22.0116,23.3789,23.4233
P16083,28.8352,28.783,28.8401,23.6075,25.19,25.5405
P02741,26.55,26.1955,26.1911,22.0116,22.8024,23.7465
P01966,24.8776,24.5865,24.8606,22.0116,21.5976,20.2865
P01008,28.7781,28.8451,28.8007,22.0116,24.4639,24.4176
P61626,27.6081,27.5635,27.6144,22.0116,24.4287,22.8632
P63165,27.8921,27.8502,27.9317,22.0116,24.1825,24.1687
P08758,28.9338,28.962,28.869,22.0116,24.8459,24.6313
P10145,26.2364,26.645,26.5949,22.0116,24.141,23.1527
P68871,28.0204,27.9477,28.0002,22.0116,24.8444,25.0022
P00915,27.536,27.5926,27.5489,26.172,23.0349,23.8177
P08263,26.1756,26.2464,26.47,22.0116,25.1314,24.539
A6ZRR2;B3LP25;C7GTE8;C8ZG55;P53885,21.8488,21.8907,21.8201,19.6993,19.6519,19.6569
P22147,18.6836,18.829,19.3235,22.0116,21.964,21.9482
P01098,22.3587,22.6598,22.7405,21.414,21.426,21.5221
P04050;P10964,22.7625,22.9101,22.8945,22.0116,21.7764,21.6491
P49573,20.2514,20.053,19.8544,21.297,21.1057,21.3062
P0C0T4;Q3E792,25.7021,25.5804,25.4666,24.3148,24.914,24.4811
O43137,21.8488,22.9961,21.8201,23.321,23.3645,23.3542
A6ZZ25;Q04067,22.9267,21.6339,23.0997,23.8231,23.7239,23.5904
P07143,23.493,23.6089,23.5234,22.0116,23.0826,22.9982
Q06494,19.9942,20.379,20.2369,22.0116,20.0491,21.9482
P32179,18.8331,18.3101,18.7883,22.0116,21.964,18.2741
P47137,23.4185,23.2591,23.3162,22.0116,21.964,23.492
P38760,23.7367,23.58,23.4157,20.4201,23.0452,23.2123
P41056,24.0319,23.8083,24.0299,22.0116,24.4996,21.9482
P40395,24.12,23.943,23.73,22.0116,24.5821,21.9482
P27476,22.8836,20.7457,23.1042,22.3246,21.3945,20.2956
P42945,26.239,26.2159,21.8201,26.0455,26.0994,26.2075
P40024,24.4886,24.78,24.7217,22.0116,24.5007,25.0413
P52488,24.987,24.9972,24.9572,22.0116,25.2576,25.1359
P39073,24.9086,25.0913,24.904,22.0116,25.1705,25.2213
P41058,24.8163,25.1028,25.163,24.163,24.3055,24.2458
Q00711,23.5201,23.7676,23.9368,22.0116,23.3411,23.5467
P53849,22.34,23.1554,23.2582,22.0116,22.2832,22.1755
P11986,21.8488,21.8907,21.8201,21.0262,21.0468,21.2456
Q04338,21.8488,21.8907,21.8201,22.6737,23.5386,22.4436
P41057,25.1606,23.9868,25.237,23.0587,24.5886,24.5801
P37898,24.4876,24.5213,24.5815,22.0116,24.8007,24.6401
P0CX80;P0CX81,25.6313,25.5622,25.5646,22.5657,26.0358,26.0402
P0C0W1;Q3E7Y3,26.012,26.0718,26.0619,26.4899,27.9849,26.6288
P26755,21.9382,22.1923,21.8073,22.5386,23.1799,23.0662
P32645,23.3164,23.4237,23.4525,22.5805,22.8387,22.8017
P16451,21.8258,22.0019,21.9813,21.2391,21.376,21.2409
Q12532,20.8511,21.1106,20.914,21.4961,22.5724,21.6164
P53852,24.755,24.5271,24.8027,22.0116,24.8198,25.3343
P0CX29;P0CX30,25.4434,25.8441,25.4459,27.1328,26.194,26.1345
P38066,20.5926,21.8907,20.5786,20.398,20.3244,20.6029
Q12464,23.729,23.794,23.7019,22.0116,23.9225,23.5603
Q99383,20.5312,21.2228,21.0974,22.0116,21.3244,22.1037
P38216,19.3423,19.3992,19.422,22.0116,19.4575,19.2626
P11491,24.1228,24.0905,24.1598,23.0296,23.625,24.0278
P38886,23.8971,23.8068,23.7892,22.0116,23.8238,23.9802
P38791,21.8488,21.8907,21.8201,21.2339,21.1825,21.4698
P15274,20.9885,20.2218,20.075,20.8546,21.964,20.9971
P14120,26.0146,26.0108,26.0137,25.4528,25.4104,25.5118
Q06440,20.8849,20.6227,20.6076,21.5064,21.6183,21.4706
Q04336,20.1715,20.245,20.4152,22.0116,20.9144,20.3725
P35844,23.3377,23.3266,23.4278,22.7896,22.7825,22.9237
Q05785,20.6648,21.8907,21.8201,20.7919,21.0615,20.9304
P43621,23.1621,22.7695,21.8201,23.2663,23.4268,23.5047
P39935,25.0858,25.0609,25.1768,24.1606,24.7177,24.8784
Q12117;P38079,22.446,22.2912,22.171,22.0116,23.7048,23.6129
P32521;A6ZVS5,22.8515,22.5775,22.9671,22.3918,22.0559,22.3952
P32445,22.54,22.769,22.9177,22.2082,22.0112,22.4613
P39926,22.5385,22.7055,22.5112,22.2167,21.6024,22.4252
P32366,23.4871,23.8534,23.638,22.0116,23.7896,23.6735
P00045,22.0509,21.8143,22.2603,22.0116,21.2583,21.3894
Q08723,23.7693,23.9634,24.0751,22.0116,24.192,24.1851
O14467,22.6852,23.1375,23.266,22.0116,22.9103,22.7498
P05747,21.8488,15.8104,21.8201,19.8067,19.417,18.8537
P54885,23.3232,23.3433,23.4026,22.8965,22.8484,22.9644
P38892,24.2443,24.1386,24.2414,24.523,25.1548,25.1504
A6ZPY2;P47089,21.805,21.8904,21.8224,22.5649,22.7881,22.3588
P38197,21.8895,21.7844,21.9703,22.7209,22.4048,22.6542
A6ZKM4;P38182,23.7664,23.5922,23.7737,22.0116,24.0976,23.7562
P16550,25.0157,24.9489,24.9977,25.8025,25.679,25.5901
Q08985,23.7977,23.7444,23.7211,22.0116,24.1168,23.9119
Q08245,28.0374,28.1603,28.1278,27.4822,27.8676,27.7531
P38295,21.7473,21.5089,21.3564,22.3134,22.2924,22.0849
Q07653,18.3151,17.459,17.6491,22.0116,17.001,16.4869
P39101,22.7807,21.8907,21.8201,22.9906,22.7741,22.8029
P22336,21.0124,20.9152,21.0473,22.0116,21.6897,21.3412
A7A0X4;B3LT39;B5VN01;P25039,22.6809,23.2687,23.4003,22.5462,22.8308,22.7765
P12688;P18961,22.3827,22.4759,21.4962,22.8722,22.668,22.8606
P11353,23.5248,24.5879,23.4544,23.3913,23.5055,23.4919
A6ZP43;Q08601,20.8342,21.3297,20.755,22.0116,21.964,20.9858
P25631,21.1758,20.9543,21.12,22.0116,21.4768,21.7646
P47124,23.9929,23.8955,24.0028,22.0116,24.3409,24.4045
Q06252,24.4437,23.8982,24.1766,24.7979,24.8699,24.8455
A7A1I2;B3RHI0;C7GVT8;C8ZDR4;E7NKW8;E7Q714;E7QIA1;Q05905;E7KFU6;E7LXU7;E7KS00,23.4415,23.4342,23.279,22.0116,23.583,23.4339
P07278,23.9589,23.6464,23.7823,22.0116,24.1153,24.1475
Q6Q547,21.1846,20.9654,21.0252,20.5995,20.6984,20.7947
P36017,22.7838,22.5643,22.7247,23.1806,23.7026,23.096
P39103,18.0575,17.5588,17.4174,18.2325,17.9966,18.6894
P50861,27.0985,27.2644,27.2304,26.6109,26.9583,27.0049
Q12428,23.891,23.5869,23.7755,22.0116,24.0881,24.1458
P34730,25.6485,25.6563,25.8087,25.3235,25.4229,25.4079
A6ZPJ1;P06103,23.6154,23.5425,23.531,22.0116,23.7669,23.9526
P47079,22.8418,23.0803,22.759,22.0116,22.8594,22.8525
P00424;P00425,21.3675,21.4143,21.1621,21.8711,22.172,21.7221
P05755,22.5981,22.6239,22.7757,22.2532,22.3935,22.4055
P32867,21.3604,21.6113,21.8394,22.0116,20.8926,20.9693
P38717,23.8417,23.8977,23.8895,23.6564,23.5498,23.498
P53281;REV__P40040,22.9521,22.7876,23.1645,23.542,23.4705,23.6802
P36136,23.6852,23.9549,23.4618,23.9458,24.3926,24.5513
P38810,20.447,20.9338,20.6718,20.6015,20.2413,20.2901
P32468,20.9597,20.6699,20.9198,22.0116,21.0051,21.3117
P29704,21.5599,21.6377,21.6018,22.0116,20.3452,21.5315
P07275,23.2073,23.3569,23.1239,22.0116,23.4033,23.364
P21304,20.6494,21.0137,21.1317,20.5883,20.4966,20.8114
P39976,23.3527,23.1565,22.6287,23.1733,23.839,23.8887
P52553,22.7082,22.5622,22.7166,23.2424,23.168,23.327
P32602,22.297,22.3951,22.2286,22.9234,22.8397,22.8851
P38061,27.1532,27.2357,27.1337,26.6315,26.9978,27.0337
P53731,24.2431,24.0486,23.827,23.3295,23.9765,23.9619
P15700,22.6893,22.5235,22.8066,22.0116,22.5599,22.6119
P24000;P04449,27.0635,27.1553,27.1802,26.8039,26.8516,26.9122
A6ZRZ6;P39013,22.0066,22.3214,22.2819,22.9263,22.7678,22.6033
P36018,21.773,21.7754,21.4873,22.0116,22.618,22.076
P53549,22.97,22.832,23.0983,23.2716,24.171,23.1264
P46969,21.9227,22.1268,21.8818,21.6373,21.8525,21.6491
P32563,23.5254,23.6024,23.3688,24.0829,23.8526,24.2007
Q02486,23.8121,23.8504,23.8021,23.6685,23.5134,23.5127
P39966,21.4455,21.5144,21.3383,22.0116,21.964,21.9482
P35723,22.9474,22.9314,23.0127,22.0116,23.0789,23.0471
P18562,25.0076,25.2076,25.0614,24.4673,25.0002,25.0615
P0CW40;P0CW41;Q08295,20.4181,20.3717,20.4554,19.9985,20.244,20.2758
P25356,21.3555,21.183,21.6439,21.9972,21.824,21.9481
Q12091;P47104,23.2329,23.3588,23.0897,22.72,22.8762,23.3656
P53914,20.8105,20.8528,20.7687,22.0116,20.9975,21.0068
P30656,23.0241,22.9925,22.2985,23.1995,23.3951,23.3033
P41811,24.1929,24.0977,24.0568,24.7753,24.6307,24.5041
P53111,22.9236,23.008,22.9312,22.0116,23.0482,23.1072
P39938;P39939,27.2811,26.765,26.5411,27.247,27.3811,27.5165
P38628,24.1765,24.1355,24.4533,24.0664,23.962,24.0475
P17536,26.0835,26.2638,26.344,26.1114,25.9636,25.9287
P28319,21.7801,22.0382,21.9825,21.7971,21.7393,21.5815
Q03862,22.9407,22.8945,22.9315,22.0116,22.9982,23.0952
Q00055,25.4506,25.4831,24.9788,25.1152,25.0165,25.1218
P40215,21.8193,21.6585,21.8198,21.5881,21.5883,21.4637
P46784;Q08745,26.9133,26.9103,27.0171,26.619,26.7613,26.8035
P53235,23.1247,23.5098,23.6538,22.6521,23.4947,23.4848
P53081,22.7289,22.9193,23.0132,22.7087,22.7423,22.5632
P01123,22.5183,22.7554,22.7221,21.9967,22.5916,22.7682
Q04341,23.0356,22.9288,22.9122,23.3903,23.5865,23.397
P32074,25.641,25.387,25.4585,25.2033,25.341,25.3143
P14907,21.6185,20.8037,21.5761,22.0116,21.655,21.8183
P33734,22.6458,22.5054,22.5866,22.0116,22.5754,22.5367
P38264,23.2716,23.45,23.338,23.8312,23.8142,23.8928
P09733,24.3878,24.359,24.3874,24.9564,24.7957,24.8568
P07274,25.7782,25.8128,25.7801,26.1729,26.3327,26.3336
A6ZRW3;P07213,23.3557,23.6842,23.5953,23.9534,24.246,23.9027
Q12680,21.2102,21.6301,21.6183,22.0116,21.964,21.9482
P32476,23.6281,23.0284,23.9675,23.278,23.3414,23.4067
Q12349,21.8509,21.987,21.9827,21.5775,21.9226,21.7253
P21734,21.9027,22.1348,21.6219,22.0543,22.6201,22.4431
P42943,22.9023,22.5823,22.8025,22.0116,22.7691,22.9223
P38143,22.331,22.4441,22.2678,22.0116,22.4155,22.0346
P22202,24.7261,24.6586,24.6745,23.9939,24.5913,24.8978
P27616,22.945,23.0275,23.2791,23.5807,23.6327,23.4768
P05749,24.932,24.7402,24.8197,25.3133,25.2566,25.3605
Q02785,22.8638,22.6323,22.7284,22.0116,22.897,22.7437
Q02805,22.4535,22.1498,22.4362,22.7483,22.9248,22.8016
P36135;A7A003;B3LRC2;B5VMJ0,24.8564,24.8009,24.8114,25.2815,25.3136,25.3006
Q6Q546,22.3464,21.7388,21.9976,22.0116,21.7948,21.7169
P22943,28.3529,28.4869,28.5099,28.1681,28.3694,28.2533
P53332,21.0947,20.8708,21.165,22.0116,21.3764,21.1647
P05318,27.5062,27.4643,27.5924,27.4507,27.0243,27.5419
P35189,21.28,21.1936,21.0054,21.5373,21.9187,21.4343
Q06523,24.2954,23.5653,23.957,23.762,24.614,24.8503
P25719,24.9925,25.2671,25.2465,25.025,25.0486,24.8927
P20459,24.7155,24.7697,24.6827,25.1081,25.3272,25.1375
P32496,22.4194,22.5376,22.854,22.9293,23.1584,23.1216
P38071,22.9155,22.942,22.817,22.7163,22.9361,22.5003
P40509,23.9289,23.5475,23.5253,23.6449,23.7874,23.0499
P34223,22.3202,22.4419,22.2838,22.0116,22.3511,22.1637
P53173,22.4784,22.924,22.7581,22.0116,22.9781,22.6534
P17555,24.7339,24.7665,24.6853,25.1458,25.2911,25.1307
P21243,24.2815,24.4785,24.0569,24.8849,24.6747,24.6391
Q99258,22.6065,22.5972,22.3738,23.0093,22.9608,22.9879
P31412,24.6531,24.6637,24.5157,25.1084,25.1266,24.9741
P32527,26.543,26.2901,26.3575,26.7723,26.8825,26.8994
P38624,23.4225,23.6126,23.7552,23.4671,23.439,23.3868
P47165,21.4808,21.2718,21.4361,22.0116,21.8482,21.6883
P40991,22.0498,22.2454,22.3011,22.0116,22.1594,21.9317
P36013,21.3688,21.4002,21.1305,21.8267,21.8982,21.531
Q01662,21.8014,21.6638,21.8917,22.2623,22.2542,22.1941
P33399,20.149,19.8943,19.9906,19.9184,19.7658,19.8645
P40414,23.3363,23.2362,23.0938,23.8551,23.7049,23.4559
A6ZPQ6;P40364,22.1166,22.0417,21.9037,22.4068,22.4872,22.5072
P32590,23.0765,23.1289,22.6288,23.3737,23.3287,23.4669
P14126,27.4583,27.4277,27.4658,27.1628,27.4092,27.3108
P00724;P10594;P10596,22.45,22.169,22.3257,22.0116,22.185,22.284
Q08220,22.1673,21.8142,22.5335,22.4821,22.8896,22.4682
P02293;P02294,26.0298,26.0531,25.9648,26.4385,26.4709,26.4576
P05319,27.0384,27.1138,27.0945,26.6451,27.0956,27.0588
A7A261;P43603,21.8488,21.8907,21.8201,22.3948,22.275,22.2003
P00729,25.0688,25.025,25.1118,24.906,24.9036,24.9554
Q04894,24.6694,24.4998,24.6579,24.9621,25.0836,25.0871
Q12513,24.2206,24.2963,24.0296,24.0378,24.0231,24.0469
P0CX51;P0CX52,27.6089,27.7553,27.8336,27.4937,27.5537,27.7141
P00445,29.5678,29.5826,29.5393,29.4204,29.4069,29.4281
P15731;P15732,25.6706,25.7185,25.6483,25.2391,25.4889,25.8801
P32626;A6ZQR2;B3LRX9;B5VH97;C7GKE1,22.4114,22.5754,22.5958,22.2081,22.534,22.4143
P15646,23.6372,23.5379,23.6232,23.7322,23.4425,23.2058
P07702,24.6108,24.4713,24.4476,24.7485,24.7996,25.2612
P38999,25.0299,25.2551,25.4502,24.9414,25.2066,25.175
Q03195,24.472,24.3331,24.3073,24.1301,24.3384,24.2331
Q12408,23.7704,23.7703,23.6637,23.9855,24.0144,24.4644
P00128,24.0719,24.1641,24.193,24.1586,23.9008,23.9769
P47117,25.6078,25.6403,25.6267,24.8491,25.8292,25.8054
P22217,26.5709,26.4395,26.5558,26.9151,26.9618,26.9455
P36421,26.1169,26.3086,26.2519,26.6155,26.74,26.5756
O74700,22.7014,22.7022,22.4421,22.0116,22.6534,22.7924
A6ZMK5;P40217,24.4892,24.6614,24.6222,24.8825,25.181,24.9498
P17649,25.6033,25.6609,25.6447,26.092,25.9923,26.0607
P39077,23.7261,23.5767,23.1415,23.3099,23.4615,23.3031
P38426,22.7057,22.621,22.7777,23.0207,23.2551,23.0618
P38616,24.7769,24.8417,24.6298,25.1034,25.1812,25.194
P33303,21.5959,21.9768,21.0342,22.0174,21.8461,21.9733
P41921,24.51,24.7241,24.6166,24.9913,25.0616,25.0274
P40989;P38631,23.694,23.6913,23.6085,23.3789,23.7794,23.4801
P32608,22.7363,22.2423,22.5676,22.9653,22.9206,22.879
P40086,20.7083,20.8673,20.8538,20.5362,20.79,20.751
P07560,23.8355,23.8615,23.9565,23.8129,23.7957,23.6929
P53599,23.9937,24.0701,24.0329,24.3719,24.4244,24.5174
P10080,25.8768,25.8232,25.6998,26.2311,26.1571,26.2248
P53297,22.5688,22.4561,22.3103,22.9507,22.723,22.8709
P39107,21.2877,21.0468,20.8914,22.0116,21.0718,21.3473
P37302,25.5296,25.6411,25.643,25.5089,25.5168,25.4487
P00815,25.4171,25.4019,25.453,25.7743,25.8458,25.8551
P38555;P51996,22.9511,23.239,23.2641,23.3719,23.7785,23.4995
Q02201;P38755,21.5085,21.3925,21.3059,22.1706,21.7465,21.4847
A6ZNQ1;P20449,22.2664,22.355,22.4407,22.0116,22.3326,22.3891
P39078,22.1337,22.2336,22.3799,22.1814,22.1205,22.1167
P16547,24.6124,24.6394,24.5823,24.4562,24.4493,24.6009
P39533,23.0621,22.99,22.8993,23.2992,23.3872,23.4566
Q06151,25.2109,25.0687,25.0476,25.4094,25.5683,25.5387
P00358,26.6938,27.1829,27.2028,26.884,27.7045,27.6773
Q02725,22.5884,22.5287,22.423,22.9881,22.9522,22.7787
P38912,23.051,23.081,23.3504,22.9879,23.1737,23.0087
P47018,21.602,22.0619,22.074,22.0116,21.964,21.453
Q04432,27.5806,27.6552,27.5879,27.9626,28.0397,27.9947
P04807,29.6292,29.6012,29.6122,29.9517,30.0255,30.0371
Q86ZR7,21.3745,21.4973,21.8804,22.0116,21.964,21.9482
O13516,20.6569,20.5018,20.4493,22.0116,20.3458,20.4207
P47160,21.8488,20.7247,21.8201,21.3877,21.4111,21.2948
Q01939,22.6242,22.2163,22.3468,22.6467,22.8063,22.8974
P53622,24.9297,24.9306,24.9983,24.6681,24.9692,24.9302
P39003;P39004,25.9158,25.7898,25.8842,26.2553,26.2555,26.2353
P01095,24.5802,24.3423,24.6149,24.2871,24.457,24.5029
A6ZRW6;P30952,27.8697,27.8527,27.9518,28.1838,28.2997,28.3446
P00330,30.3866,30.407,30.4583,30.1954,30.3683,30.4
Q04344,23.3681,22.4979,23.0768,22.0116,23.2179,23.4273
P11076,21.8488,21.8907,21.8201,21.6562,21.9259,21.6926
P40825,26.3884,26.2965,26.2698,26.566,26.7782,26.7589
P23639,24.5535,23.9918,23.6904,24.4682,24.4541,24.4613
P26785,26.8318,26.8298,26.8711,26.7763,26.6428,26.8321
P14065,22.3441,22.695,22.7893,22.929,22.7546,23.2818
P50094,21.7704,21.8753,21.8763,22.1138,21.964,22.5793
Q05911,23.6131,23.5793,23.5014,23.0665,23.5487,23.812
P29453,24.547,24.7864,24.5434,24.5192,24.5212,24.5701
Q06405,22.1144,22.2498,22.2222,22.0116,22.1375,22.1719
P39516;P06367,27.8022,27.8687,27.9857,27.6926,27.906,27.7998
O14455;P05745,27.0723,27.0844,26.9362,26.8956,26.9532,26.9863
P06105,24.8061,24.8962,24.7415,25.26,25.238,25.0689
P00924,29.3731,29.4517,29.4827,29.2094,29.4174,29.4251
Q04491,24.4422,24.8192,24.3806,24.8785,24.9113,24.9704
P02309,26.1052,26.0657,26.0989,25.9622,26.0978,25.9593
Q04951,23.8856,23.8004,23.993,24.2156,24.2064,24.3703
P33299,22.6855,22.4085,22.3511,22.0116,22.4217,22.7643
P32453,21.6089,21.7099,21.8122,22.0116,21.9368,22.2945
P32381,23.7845,24.1191,23.9607,23.8402,23.9544,23.8236
P33204,23.8875,23.8906,23.875,24.2928,24.1923,24.2786
Q03048,27.864,27.8252,27.785,28.1837,28.2092,28.1911
P07244,24.2056,24.1098,24.1597,24.4595,24.7337,24.387
P53163,22.3419,22.4109,22.4437,22.7046,22.7787,22.8162
P20107,21.8319,21.9471,21.9366,22.0116,22.2813,22.5237
P23644,22.9784,23.2264,23.0869,22.5044,23.2931,23.2585
P49090,26.3778,26.4014,26.2395,26.6649,26.6748,26.7799
P0CX41;P0CX42,26.6907,26.6061,26.3802,26.9311,26.9826,26.8628
P0CH08;P0CH09;P0CG63,20.8735,20.9911,21.1608,22.3604,20.255,21.5082
P09201,22.141,21.7162,22.2902,22.0116,21.964,21.9418
P43585,21.6861,21.8418,21.9365,22.0116,22.3875,22.1586
P36046,22.0156,21.9086,22.088,22.3728,22.3911,22.3401
P05373,22.0272,22.6476,21.6607,22.1494,22.9492,22.3178
P53152,24.5306,24.3456,24.2507,24.7717,24.6838,24.7519
P22803,27.7291,27.7765,27.6594,28.0505,28.0711,28.1199
P04147,27.7069,27.7053,27.6878,27.9364,28.1074,28.1321
P0CX84;P0CX85,27.1971,27.1651,27.3443,27.2247,27.1196,27.1517
P17695,23.7308,23.7327,23.6612,24.0926,24.0529,24.0546
P21242,22.8619,22.9635,22.8711,23.1649,23.2734,23.3298
P28007,22.7333,22.6892,22.5355,22.0116,22.8213,22.9216
P38075,25.7226,25.8486,25.6724,26.1028,26.2684,25.9402
P46683,22.042,21.8115,22.1827,22.0116,21.9233,21.8991
P20967,26.4837,26.438,26.3673,26.7617,26.8165,26.7759
P32379,24.0008,24.0772,23.985,23.8281,23.9965,24.041
P00427,24.1753,24.3094,24.4955,24.3048,24.3428,24.1374
P48606,22.5464,22.6177,22.3965,22.27,22.5102,22.5853
P29547,26.3791,26.6967,26.4582,26.4344,26.4091,26.4968
P23615,21.6247,21.4126,21.6449,22.0116,21.9797,21.7422
P00812,25.0972,25.0783,25.0415,25.4253,25.4282,25.4142
P39522,25.6289,25.6613,25.6674,25.405,25.5584,25.8113
P53301,26.1229,26.1862,26.1546,26.0219,26.0722,26.1879
P47039,21.7639,21.685,21.6379,22.0574,22.1254,21.9493
P04801,26.288,26.2017,26.248,26.6209,26.5826,26.5776
P43593,23.8936,23.9021,23.8353,24.2487,24.1781,24.2447
P15496,25.6943,25.6834,25.6627,25.988,26.0458,26.0459
P23301,27.4541,27.3912,27.444,27.0858,27.5051,27.5246
P07262,28.3605,28.3332,28.3232,28.6597,28.709,28.6858
P20051,24.6158,24.6852,24.7145,24.5339,24.6627,24.6472
P53312,25.1814,25.3098,25.2515,25.5762,25.5922,25.6073
P32771,22.6497,22.5006,22.1165,22.7009,22.9768,22.6209
P12612,22.791,22.7127,22.7393,22.0116,23.0125,23.059
P38891,26.8702,26.7459,26.8169,27.0556,27.2372,27.1644
P36015,23.34,23.0194,23.2075,22.888,23.3896,23.1326
Q12335,26.5273,26.5299,26.5401,26.7966,26.9685,26.8521
Q02753;Q12672,27.1283,27.2637,27.3204,27.0957,27.2139,27.2509
Q08193,24.7329,24.6856,24.6375,24.9882,25.0013,25.0835
P31787,26.9457,27.0829,27.0245,27.2487,27.4147,27.4066
Q03558,27.3807,27.3487,27.3687,27.2288,27.3131,27.4101
P05759,25.1637,25.1276,25.0021,24.9612,25.1868,25.0007
P50085,22.2134,22.474,22.2778,22.0116,22.4566,22.3564
Q01574,23.7692,23.6618,23.9013,24.0032,24.1932,24.1392
P11745,24.7126,24.9262,24.8424,25.1017,25.1957,25.1828
P02829,27.21,27.2911,27.2749,27.1124,27.1907,27.3422
P32191,25.9155,25.6459,25.5733,26.096,25.9756,26.0591
P38145,22.7426,22.4239,22.2078,22.8475,22.9483,22.5739
O13535;P0C2I2;P0C2I3;P0C2I5;P0C2I6;P0C2I7;P0C2I9;P0C2J1;P47098;P47100;Q03434;Q03612;Q03619;Q03855;Q04670;Q04711;Q07163;Q12088;Q12141;Q12269;Q12316;Q12414;Q07793;P0C2I4;O74302;P08405;P0C2I8;P0CX57;P0CX58;P0CX65;P0CX66;P0CX67;P0CX68;P0CX69;P0CX70;P0CX71;P0CX72;P0CX73;P0CX74;P0CX75;P0CX76;P47099;Q03856;Q04706;Q12085;Q12485;Q6Q5H1;P0C2J0;Q12193;Q92393;Q12273;Q99231;Q99337;P0CX59;P0CX60;Q12217;Q12470;Q92392;Q12441,27.2689,27.2835,27.2849,27.2074,27.2516,27.2483
P04806,28.3797,28.2549,28.3813,28.6155,28.6823,28.7104
P25451,23.5429,23.8064,23.5335,23.9084,23.9691,23.9954
P0CX55;P0CX56,28.4139,28.4294,28.5201,28.3914,28.4297,28.4178
P28495,22.7344,22.7093,22.466,22.9646,23.1071,22.8263
P39743,23.6986,23.85,23.899,23.6914,23.8212,23.8128
P39730,25.8849,25.8883,25.8524,25.7447,25.8533,25.9055
P19358,26.0106,25.7447,25.8536,25.5229,25.9627,26.0023
Q01560,26.1991,26.2814,26.2006,26.5187,26.5851,26.5634
P46367,28.0352,27.9987,28.0533,27.8451,28.121,28.0015
Q12044,21.9961,21.9088,22.2263,22.0116,22.7034,22.4008
A6ZR21;B3LRI4;C7GRP9;C8Z773;P40043,26.4119,26.477,26.5793,26.3662,26.5286,26.4567
P03965,26.0303,26.0067,26.0739,26.3186,26.4105,26.3625
A5Z2X5,23.7669,23.4743,23.5584,23.8662,23.7834,24.1234
P46680,23.3262,23.2863,23.2048,23.6684,23.6646,23.4573
Q08972,24.6684,24.4723,24.4854,24.3226,24.5157,24.6835
P00044,23.762,23.1529,23.7783,24.1415,23.088,24.4329
P22203,25.8434,25.692,25.8794,26.057,26.2161,26.1101
P04911;P04912,27.1802,27.2366,27.137,26.9926,27.2644,27.1951
P13298,25.7468,25.6197,25.7545,25.5759,25.7861,25.6592
P52490,23.7841,23.8964,23.7197,23.7902,23.8531,23.6609
P00331,25.378,25.3124,25.3579,25.5915,25.7645,25.6527
P48836,21.8143,21.4271,21.8201,21.944,22.1825,21.8952
A6ZPE5;Q12499,25.0655,25.1766,25.2338,25.4488,25.55,25.4373
Q12250,23.3745,23.5359,23.3844,23.2681,23.3961,23.5371
P39708,23.1049,23.1321,23.2146,23.0063,23.1817,23.1706
P38115,26.0895,26.1391,26.0819,26.2989,26.4703,26.4986
P0CX14;P0CX15;P53819;P0CX20;P0CX21;P0CX22;P40434;P40889;P40105;O13559;Q03099;Q07888;Q99208;Q3E7X8;Q08995;Q3E7Y5;P38899;P43538;P38721,25.4302,25.4983,25.4109,25.735,25.8736,25.6874
P30657,22.3139,22.1103,21.9856,22.0116,22.0965,22.2107
P53691,25.9273,26.1288,26.0284,25.9911,26.0002,26.0055
A6ZLF4;P38314,21.0086,21.8907,21.8201,22.026,21.5209,21.0865
P38708,26.558,26.4505,26.5257,26.8716,26.7613,26.8522
P25087,24.8863,24.849,24.9458,25.1271,25.2407,25.2637
Q04371,22.7612,22.6023,22.4549,22.0116,22.9332,22.7916
P49435,24.7777,24.7326,24.6891,24.961,25.1489,25.0346
P28240,27.5163,27.464,27.6663,27.418,27.6153,27.5358
P49089,26.7525,26.7314,26.7595,26.5232,26.7748,26.8737
P14020,24.8492,24.6695,24.6072,25.0668,24.9486,25.0464
P43123,21.9127,21.9416,22.4707,22.0116,21.7282,22.5154
P33201,22.3211,22.5378,22.6201,22.7949,22.7703,22.8469
P0C2H8;P0C2H9,26.9063,27.0929,27.1984,27.1363,26.9803,27.015
P10591,28.6263,28.5629,28.5562,28.8631,28.9028,28.9104
P11632,24.4185,24.2784,24.3347,24.6734,24.6902,24.5985
P15891,27.0393,26.9976,27.0302,27.3327,27.3278,27.3327
P32598,24.5789,24.6705,24.5352,24.8828,24.9864,24.8355
A6ZWL1;Q02642,25.5248,25.1263,25.615,25.6489,25.8412,25.6899
Q03655,21.9032,21.9422,21.8781,22.0116,21.8757,21.789
P23724,22.7655,22.367,22.6582,22.8636,22.4206,22.4607
P54115,28.3977,28.3135,28.4411,28.3361,28.3582,28.4128
P0CX45;P0CX46,28.1941,28.0935,28.1408,28.3164,28.5621,28.4594
P07267,27.9531,27.9781,27.9759,28.2208,28.3147,28.2795
Q08971,23.6092,23.6402,23.6319,23.5998,23.5252,23.7142
P40303,24.9783,24.944,25.0035,25.196,25.3426,25.2925
P26637,27.2952,27.3032,27.2747,27.5678,27.5931,27.6169
P21801,22.8266,22.5494,22.7717,22.8493,22.5825,23.6202
A7A0V3;B3LT19;P46654;A6ZUM5;B3LI22;P32905,28.4486,28.4351,28.4755,28.6766,28.7876,28.7981
P38249,25.7813,25.7035,25.7935,25.9879,26.0952,26.0979
A6ZR27;P40047,22.3436,22.6819,22.5615,22.0116,21.964,23.574
P38074,23.8541,23.0839,23.6,23.7181,23.9445,23.7765
P26570;P33329,24.8418,24.9058,24.8891,24.8278,24.8194,24.955
P15019,28.0742,28.0801,28.169,28.0147,28.1309,28.1479
Q12443,24.2541,24.1494,24.0619,24.2691,24.607,24.4833
P40483,20.9513,21.8931,21.9287,21.4612,21.6559,21.6277
P09436,27.5234,27.4324,27.4588,27.7749,27.7579,27.775
P40069,26.4345,26.4183,26.3761,26.6024,26.7339,26.7858
P00890,28.9365,28.8904,28.9106,29.179,29.2384,29.2124
A6ZP47;P06634,23.7592,23.546,23.7539,23.8812,24.0664,24.0028
P0CX23;P0CX24,27.8531,27.891,27.9127,27.8531,27.8788,27.9001
P10963,27.8768,27.6954,27.7304,28.0002,28.0853,28.1045
P0C0X0;Q3E7X9,26.3182,26.3542,26.3362,26.615,26.6488,26.6316
A6ZRK4;B3LP78;B5VQH0;C7GPC1;C8ZFZ7;Q01532,24.3697,24.4603,24.472,24.681,24.6384,24.8661
P0CX39;P0CX40,27.7856,27.7297,27.7471,27.7182,27.8009,27.7283
Q12314,24.1165,24.027,23.9784,24.2243,24.4634,24.3144
A6ZT71;B3LSS7;B5VK90;P38858,24.6959,24.5184,24.4295,24.7762,24.8897,24.8576
B3LGE9;C7GIN5;C8Z543;P08566;A6ZY89,24.0208,24.1052,24.2066,24.2964,24.4062,24.5091
Q03940,23.5629,23.7066,23.5925,23.8286,23.9326,23.9778
P15624,26.4487,26.4355,26.4098,26.6417,26.7304,26.7987
P40016,23.1027,23.229,22.981,23.4629,23.2627,23.463
P32775,24.6491,24.5945,24.6458,24.5355,25.1735,25.0561
Q12122;P48570,25.5319,25.5799,25.5161,25.8643,25.8174,25.8216
P32860,20.2449,20.9439,20.9411,22.0116,20.0713,20.0379
P32340,23.5665,23.5717,23.6961,23.9882,23.8846,23.8342
P13517,23.1175,22.9479,23.0796,22.9098,23.0404,23.1876
P40037,25.0726,24.9992,24.9181,25.1693,25.3117,25.3803
P25343,22.1822,21.8039,21.8587,22.0116,22.3148,22.3897
P15303,23.5835,23.5803,23.4347,23.5842,23.4029,23.6063
Q07505,24.59,24.9016,24.7935,24.9774,25.0198,25.158
P38972,25.0223,24.6979,24.7526,25.1103,25.1194,25.1119
Q04214;Q12490;Q03964;Q04215;Q12266,21.8488,21.8907,21.8201,21.9719,21.8027,21.7834
Q06408,24.6608,24.425,24.4048,24.3487,24.6449,24.4958
C7GP20;P35732,21.7118,21.8446,21.9183,22.0116,22.0778,22.2505
P13188,24.2886,24.4378,24.194,24.2078,24.4229,24.2905
P32911,25.5623,25.5158,25.6969,25.763,25.9819,25.8946
P38988,20.9307,21.2838,21.1335,22.0116,21.0014,21.1993
Q12306,24.9078,24.8081,24.7689,24.9849,25.2325,25.1316
P07280;P07281,27.8469,27.8673,27.9414,27.834,27.9021,27.921
P38250,20.932,21.0331,20.8176,22.0116,20.7438,20.8877
P20081,27.6965,27.7297,27.5853,27.9009,27.9532,28.0141
P26786,27.9744,27.9488,27.9576,28.144,28.3106,28.2817
P17255,28.5473,28.6549,28.5406,28.5508,28.5933,28.6097
P53221,24.2069,24.2093,24.3167,24.4942,24.5439,24.5487
P14306,24.3855,24.2353,24.2646,24.5285,24.5749,24.6358
Q03690,25.8259,25.9039,25.7812,26.0137,26.2034,26.1476
P25623,22.5084,22.4448,22.3102,22.0116,22.6214,22.6445
P53834,23.5709,23.5247,23.2911,23.5427,23.8804,23.8144
P38281,23.3562,23.1904,23.3381,23.5498,23.8514,23.3337
P11412,26.0849,26.0393,25.9449,26.0522,26.0086,26.0239
P38764,25.2186,25.189,25.1709,25.4778,25.4095,25.5408
P39954,28.9704,28.9472,29.0843,28.9377,28.9988,29.0817
A6ZT54;B3LSR0;C7GJZ2;C8Z9U3;E7KDM2;E7KPJ0;E7LVH4;E7Q4T7;P38845;E7NIP0,22.9337,23.0971,23.0104,23.3756,23.259,23.2538
P23776,21.6015,21.4677,21.5072,21.8042,21.895,21.7238
P34167,25.4382,25.515,25.3839,25.4511,25.501,25.4045
P28274,22.0504,22.1335,21.6885,21.8465,21.7197,22.3258
P24280,25.1658,25.3437,25.1896,25.0477,25.4359,25.2386
P30624,25.6286,25.7302,25.8412,25.9861,26.071,25.9842
Q04178,22.6265,22.7522,22.468,22.9031,22.8985,22.8843
P38911,23.4161,23.5316,23.3932,23.7488,23.6645,23.7658
P40580,21.9426,22.0428,22.3518,22.0116,22.129,22.2238
P13663,27.5587,27.5619,27.4455,27.4891,27.594,27.5121
P21306,23.3872,23.3396,23.4507,23.3539,23.4219,23.4324
Q01855,27.5514,27.5632,27.5182,27.5207,27.5187,27.6244
P02406,27.397,27.4127,27.3512,27.3249,27.4708,27.3975
P40029,22.3768,22.4121,22.4228,22.1274,22.4602,22.6569
Q08977,25.4827,25.4271,25.5185,25.7437,25.705,25.8117
P19146,23.0412,22.7224,23.2774,23.1985,23.2595,23.4133
P38011,29.1682,29.1949,29.2124,29.4145,29.4764,29.5107
P25373,25.795,25.6396,25.7713,25.9232,26.0307,26.0768
P53598,25.3645,25.32,25.1428,25.4868,25.5432,25.6198
P38817,21.9529,21.9118,22.1524,22.0116,21.9932,22.0601
P05750,28.8989,28.8997,28.8797,28.8225,28.9422,28.963
P00447,27.2845,27.1568,27.2637,27.4707,27.5253,27.5247
P19262,25.0301,25.0929,25.0128,25.3301,25.3028,25.3173
P41920,22.7273,22.9038,24.0691,23.5892,23.3138,23.6086
P05740,24.8853,24.9874,24.8834,24.2061,25.3237,25.2831
P36047,24.4076,24.2845,24.4687,24.5121,24.7208,24.7358
P05453,22.809,22.727,22.8597,22.6604,22.8597,22.9362
P00817,28.5559,28.556,28.5542,28.7588,28.8566,28.8539
P00359,30.59,30.6859,30.7642,30.5537,30.7947,30.7607
P32897,21.1953,21.1649,21.2635,22.0116,21.1815,21.2251
P34216,25.349,25.333,25.2818,25.5406,25.6436,25.573
P47771;P54114,25.4334,25.6127,25.6033,25.7408,25.917,25.783
A6ZRX0;P24783,21.1146,21.3631,21.1164,21.4145,21.1099,21.1469
P53250,21.747,21.635,21.7435,22.0116,22.0205,21.8784
P07263,24.695,24.6536,24.7138,24.5068,24.8564,24.781
Q04304,22.1485,21.3299,21.641,22.0116,21.6596,21.5304
P32288,27.2548,27.3116,27.2947,27.4807,27.5622,27.601
P46990,22.4193,22.3035,22.628,22.3193,22.5331,22.5838
Q04013,22.1684,22.3125,22.2556,22.0605,22.2798,22.4822
P41939,25.8031,25.7933,25.7384,25.9397,26.0378,26.1325
P0C0W9;Q3E757,27.0803,27.1953,27.0509,27.1296,27.1671,27.1211
P48589,27.6992,27.8001,27.8255,27.7813,27.7468,27.8894
P22146,23.9055,23.9203,24.1816,24.1385,24.405,24.2356
P19454,22.323,22.2821,22.4342,22.0502,22.5048,22.5781
P46672,26.9358,26.9822,26.9515,27.1492,27.2507,27.241
P31116,27.2122,27.2726,27.3234,27.4815,27.499,27.598
P36139,26.1196,25.9831,26.0332,26.0965,26.103,26.0324
P25293,24.304,24.2919,24.3158,24.4591,24.1768,24.3735
P39683,21.8235,21.8907,21.4387,21.941,21.7005,21.6091
P38431,25.4541,25.4315,25.4811,25.6378,25.7474,25.7465
P20606,25.7007,25.719,25.7902,25.9129,26.0542,26.0058
P53909,22.7353,22.5379,22.8231,22.0116,23.1919,22.9953
P53315,23.0204,23.1546,22.9124,23.1876,23.3047,23.3573
P45978,22.2098,22.3136,22.1331,22.0116,22.3757,22.374
P08524,27.9778,27.9764,27.9679,28.2427,28.2267,28.2122
P00899,25.0377,25.0798,24.9861,25.0149,25.0566,25.1381
Q05933,23.3876,22.8808,23.3001,23.4838,23.4812,23.3601
P37299,21.8175,22.3438,21.9128,22.0116,21.964,22.2075
P41818,23.2019,23.1979,23.1731,22.0116,23.7613,23.911
Q12447,25.9513,25.8561,25.8642,25.7945,26.0228,25.9685
P32471,28.3479,28.3474,28.3299,28.5007,28.6129,28.6624
P10622,25.4607,25.38,25.421,25.3912,25.522,25.4649
P15454,26.4692,26.5187,26.4388,26.5144,26.5863,26.4439
P0CX49;P0CX50,27.9252,27.993,27.8401,27.9188,27.9693,27.9901
P06780,24.5127,24.4918,24.6433,24.8837,24.6507,24.8584
Q12164,21.9196,21.9211,21.9626,22.0116,21.964,21.9482
Q07551,25.9468,25.8418,25.8956,26.0697,26.1673,26.1919
P15873,25.6324,25.5138,25.5382,25.8073,25.8437,25.7757
P00410,21.8033,21.9831,22.6413,22.01,22.0425,22.4987
A6ZZH2;P36060,21.633,21.5947,21.6835,22.0116,21.7797,21.8595
P06208,26.2902,26.2279,26.1903,26.3638,26.5693,26.5128
P29952,25.6211,25.585,25.6028,25.6353,25.6613,25.6419
P06787,25.8021,25.6712,25.7692,25.966,25.9382,26.0708
Q03835;P32642,21.2041,21.3597,21.6451,21.5585,21.6473,21.7356
P50095,24.1399,24.386,23.9281,24.3072,24.5744,24.3044
P53912,26.8775,26.8373,26.8174,26.7996,26.9899,26.8764
P38934,26.154,26.1404,26.2297,26.1807,26.2574,26.2199
P15703,26.871,26.7646,26.694,26.9052,27.1107,27.0447
P25294,25.7643,25.7364,25.706,25.9086,25.9582,26.0699
Q3E754,25.0751,25.0853,25.0454,25.3196,25.2227,25.3918
P00950,31.3884,31.3632,31.3334,31.4964,31.6457,31.6667
Q9ZZX7,22.3132,22.3289,22.23,22.5746,22.5312,22.4896
P07256,26.0987,25.854,26.04,26.1593,25.9253,26.0503
P38013,30.2109,30.4002,30.3129,30.518,30.5407,30.5872
P23180,24.3135,24.2282,24.2824,24.3279,24.3194,24.3216
P40054,26.3059,26.2762,26.2378,26.3871,26.2512,26.3293
P43588,23.1637,23.0089,22.9893,23.1484,23.469,23.2603
P40482,23.216,23.2157,22.7551,23.2227,23.3588,23.3209
P38206,21.2448,21.4807,21.7834,22.0116,21.2724,21.3767
P57744,21.2164,21.873,21.8954,21.786,21.964,21.9482
P40525;P87262,26.1238,26.2227,26.2577,26.2204,26.2703,26.2656
P22515,27.0845,26.9964,27.0732,27.1908,27.389,27.2859
Q07648,21.0447,21.4631,21.2276,22.0116,20.8651,21.0128
P0CX31;P0CX32,26.5031,26.5431,26.7307,26.5378,26.7301,26.6674
P25694,27.3263,27.2727,27.2106,27.3853,27.5479,27.5828
P10869,23.7833,23.5211,23.7115,23.5078,23.8154,23.8523
P53303,24.9583,24.917,24.8737,25.2638,25.1412,25.0477
P38221,25.3942,25.3441,24.9891,25.358,25.5201,25.5486
P34221,22.0893,21.9204,21.7337,22.0116,22.2944,22.135
P31539,28.6842,28.5815,28.6778,28.8546,28.9025,28.884
P32473,24.6912,24.8198,24.9774,24.9607,24.986,25.2365
P14540,31.2693,31.2146,31.2973,31.2521,31.3455,31.3565
P10659,23.6043,23.6357,23.7588,23.8281,23.8925,23.9705
Q03161,26.0979,26.0052,26.0202,26.1615,26.3737,26.2773
Q12165,24.3866,24.3736,24.4568,24.6089,24.6016,24.6949
Q03921,24.3992,24.3459,24.4151,24.5563,24.5124,24.7799
P25349,22.721,22.7713,22.948,22.0116,23.6015,23.5152
P05626,23.7966,23.8642,23.5167,23.9824,23.8795,24.0031
P38219,28.1825,28.102,28.0636,28.1201,28.1711,28.2349
P06168,28.6788,28.6078,28.6463,28.852,28.856,28.9108
P38689,21.8488,21.6784,22.665,22.1241,22.0644,22.1832
P38427,22.4926,22.2534,21.8201,22.1078,22.4636,22.1743
P07257,28.1033,28.1007,28.1195,28.2996,28.3494,28.3588
P07149,29.4611,29.4507,29.4554,29.6591,29.7001,29.6919
P22141,22.9698,23.1158,22.9964,23.3104,23.1436,23.3117
P80235,21.6475,21.7116,21.6712,21.8617,21.5459,21.8062
P07284,27.5125,27.3598,27.5764,27.6767,27.7683,27.6849
P10592,28.3577,28.3602,28.2824,28.4913,28.5813,28.6084
Q12074,25.8216,25.7285,25.7336,25.9927,25.9728,25.9985
P32463,23.4389,23.3914,23.3247,23.4476,23.4253,23.468
Q01519,24.1231,24.2793,24.3157,24.005,24.4546,24.4451
P39015,27.7972,27.8443,27.7539,28.0082,28.0471,28.0177
P54839,28.29,28.252,28.2729,28.4201,28.5574,28.5122
P32454,26.4896,26.4568,26.4368,26.6592,26.6759,26.7216
P23542,26.2725,26.3736,26.3788,26.3735,26.4363,26.4087
P00549,32.6431,32.7033,32.6698,32.6588,32.7682,32.783
P40582,23.3994,23.2054,23.2554,23.4712,23.5539,23.5041
P0CS91;P0CS90,29.3886,29.3567,29.3916,29.3508,29.4958,29.4874
P40087,22.0754,21.8743,22.1519,22.1933,22.2171,21.8896
P43590,23.7056,23.9147,23.8378,23.9855,24.0842,24.0542
P39111,22.6962,22.8117,22.9077,22.9177,23.1113,23.0522
P32449,26.3583,26.3979,26.3434,26.4858,26.6451,26.6339
P31688,23.407,23.2568,23.4042,23.5975,23.4716,23.6636
Q02326,25.5171,25.4257,25.7805,25.4443,25.7763,25.7037
P00925,31.0181,30.9964,31.003,30.9283,31.1236,31.1688
P47176,26.757,26.6905,26.6561,26.8269,26.9475,26.9912
P00958,24.6396,24.6497,24.7148,24.8071,24.6711,24.7312
P16120,27.6606,27.6847,27.597,27.8729,27.8701,27.8587
P53870,24.5761,24.6153,24.5931,24.619,24.6143,24.7572
A6ZN26;P32497,25.9591,25.9418,25.8452,26.0254,26.1261,26.2535
Q12265,22.085,21.9282,21.8441,22.354,22.168,21.9926
P14742,25.9247,25.9573,25.9529,26.0717,26.2144,26.2048
P43616,27.1785,27.2205,27.1939,27.3846,27.4377,27.4257
Q12305,26.5875,26.5717,26.5612,26.4607,26.7427,26.7291
P38840,25.0037,25.0747,25.1504,25.1917,25.1619,25.0874
P41277,26.5741,26.4757,26.599,26.498,26.9229,26.8798
P54113,25.1805,25.1933,25.0979,25.1033,25.1972,25.385
A6ZM02;B3LLJ2;B5VP69;C7GVZ9;P23248,24.8188,24.9485,24.8443,25.0254,24.9644,24.8358
P41807,23.9469,24.114,24.1266,24.075,24.359,24.4039
P00830,28.7494,28.6823,28.6274,28.8399,28.9275,28.9394
P33331,26.7238,26.6895,26.6425,26.7925,26.9636,26.9469
P15108,28.3915,28.3886,28.4543,28.3672,28.5468,28.5391
P07259,30.1935,30.2036,30.2099,30.3863,30.4413,30.4258
P32599,26.5044,26.436,26.3957,26.6682,26.6457,26.6684
Q12377,22.3583,22.0789,22.2881,22.0116,22.3126,22.6207
P89886,23.4112,23.0978,23.2567,23.5564,23.4571,23.3975
P0CX08;P0CX09,25.8272,25.8113,25.7871,25.8309,25.9299,25.8873
P49954,22.7477,22.2233,22.3536,22.74,22.5783,22.6487
P14832,28.1471,28.1543,28.2249,28.2466,28.2434,28.2593
Q03102,24.3324,24.4148,24.409,24.4292,24.5922,24.3593
P38765,22.1914,22.1548,21.841,22.3192,22.3083,22.1986
P52910,27.4313,27.5029,27.4934,27.474,27.5946,27.5867
P38998,24.0992,23.9742,24.0187,24.0383,24.1541,24.1287
P40212;Q12690,28.3641,28.3192,28.377,28.3858,28.4666,28.4378
P30822,22.4312,22.4018,22.597,22.6023,22.488,22.5699
P25386,21.3359,21.5695,21.8,21.9015,21.964,21.4745
P31383,23.9061,23.9357,23.7942,24.0311,24.0923,24.1465
Q12123,21.8273,21.4323,21.4812,22.0116,21.2901,22.0727
P09624,25.5996,25.3959,25.4841,25.5122,25.5982,25.6009
P39990,25.6324,25.6143,25.6054,25.818,25.8225,25.8441
P00931,27.1023,27.1103,27.1093,27.2758,27.3926,27.2859
P0CX43;P0CX44,26.9159,26.8802,26.808,27.0493,27.113,27.0726
P07245,27.0778,27.0924,27.0429,27.0718,27.2525,27.1247
P32528,23.3418,23.2673,23.1425,23.3656,23.4624,23.553
P28834,27.8887,27.8569,27.8096,28.0391,28.0349,28.1088
P32582,27.956,28.0211,27.993,28.1251,28.2418,28.2301
P23254,29.3242,29.3864,29.386,29.4986,29.586,29.6388
P38088,26.6237,26.5644,26.5101,26.7083,26.7995,26.8169
P22137,26.8187,26.7248,26.8682,26.8785,27.0879,27.0715
P05317,28.4142,28.457,28.4149,28.5054,28.4876,28.5332
P17505,28.6932,28.73,28.6773,28.8558,28.9505,28.9193
Q02821,24.0649,24.1662,24.0045,24.3109,24.3072,24.2423
P34227,26.6147,26.5344,26.4315,26.7677,26.7455,26.6897
P40202,23.9783,23.966,23.9663,24.0407,24.0732,24.0414
A6ZXP4;Q07478,25.4615,25.4702,25.3849,25.6688,25.6151,25.6522
P53839,26.1726,26.1055,26.1033,26.2974,26.3855,26.3177
P08417,26.9051,26.9417,26.9124,26.9274,27.0375,27.0408
P0CX35;P0CX36,28.3229,28.3853,28.4384,28.4782,28.6302,28.6568
P21576,24.5671,24.5929,24.5651,24.8498,24.7676,24.7257
P02992,25.2854,25.2983,25.3646,25.4694,25.6087,25.488
Q12118,25.8657,25.9447,25.7689,26.0161,26.0422,26.1382
P00175,25.4615,25.4897,25.5749,25.6367,25.7651,25.7401
P32324,31.2816,31.3069,31.276,31.323,31.4007,31.3906
P38836,22.0817,22.2101,22.1878,22.0116,22.4316,22.2864
Q12230,26.3629,26.2186,26.178,26.2405,26.4254,26.344
P07283,26.8774,26.7354,26.8407,26.9783,26.8719,26.8565
P32481,25.9144,25.8902,25.8093,26.0369,26.0981,26.0908
P35997;P38711,27.6397,27.5568,27.5722,27.5627,27.9585,27.8588
Q12285,21.4541,21.3833,21.7213,21.5265,21.8464,21.4399
P35179,23.6799,23.7644,23.6038,23.8764,23.957,23.825
P00560,32.039,32.0388,31.9776,32.02,32.1325,32.1585
P41338,27.8109,27.8733,27.8343,27.8739,27.936,27.9653
P16387,23.6091,23.4241,23.7675,23.8863,23.8877,23.6339
P32915,21.8594,21.9482,22.05,21.9712,22.1963,21.9482
Q3E841,26.4688,26.4676,26.4546,26.6162,26.6765,26.7042
P11633,23.3419,23.368,23.2127,23.4753,23.524,23.5279
P23641,25.6796,25.6,25.5086,25.7752,25.8042,25.8123
P32469,24.0328,24.112,24.1029,24.2165,24.1213,24.172
Q05016,27.4062,27.3899,27.3957,27.5091,27.6426,27.6429
Q12329,22.2358,22.1016,22.1093,23.4162,21.7393,21.5544
P28241,27.0841,27.0822,27.1419,27.259,27.3741,27.277
P19097,29.231,29.2045,29.1954,29.3124,29.4492,29.4712
Q04409,25.3067,25.18,25.3116,25.3546,25.4112,25.2961
P04802,27.9598,27.8557,27.9138,27.9158,28.0204,28.0578
P16521,30.2943,30.3134,30.2551,30.3178,30.3917,30.4184
P47075,25.2978,24.941,25.5341,25.4049,25.5101,25.4567
P38077,25.1784,25.1171,25.1366,25.0818,25.509,25.1087
P53272,26.5311,26.5833,26.4287,26.5523,26.6165,26.642
Q00764,25.1616,25.2076,25.0047,25.2842,25.335,25.3502
P40893,25.3761,25.46,25.4916,25.3669,25.6412,25.5907
P38804,24.7198,24.7481,24.6399,24.6266,24.8175,24.9353
P40185,26.2727,26.2992,26.289,26.4288,26.4846,26.5401
P38625,25.552,25.4243,25.2572,25.4568,25.6952,25.6736
P23638,22.9209,22.7181,22.674,22.9972,22.9938,22.9136
P47068,24.234,24.3696,24.426,24.2225,24.4744,24.6085
P19882,29.5465,29.6241,29.6134,29.739,29.8145,29.8189
P02994,31.7051,31.7488,31.7275,31.7411,31.8372,31.8801
P09457,22.736,22.9943,22.6888,23.2641,22.5765,23.1664
Q06146,22.349,22.1117,22.1415,22.3345,22.4175,22.4339
P35719,25.1408,25.0571,25.0627,25.1984,25.2966,25.3491
P19414,28.8897,28.8806,28.8963,28.8818,28.9594,29.1075
P07251,28.1704,28.2244,28.166,28.318,28.4354,28.3903
P05756,27.4415,27.4215,27.4164,27.4476,27.5368,27.5789
A6ZYI0;B3LG61;P07170,27.6244,27.6956,27.6089,27.8136,27.8483,27.8476
P00498,24.802,24.609,24.6677,24.7837,25.0165,24.8589
P47120,22.3668,21.9833,22.335,22.3465,22.6778,21.9472
P05743,23.3145,23.4031,23.4936,23.5473,23.5533,23.6873
P32589,28.5088,28.5534,28.5763,28.6059,28.6368,28.6845
Q06505,20.6899,20.5197,20.8764,21.0415,20.8748,20.7458
P25491,25.2084,25.5442,25.2722,25.0622,25.6458,25.6063
P38715,26.16,26.1902,26.0385,26.2466,26.3349,26.3826
P54838,25.4459,25.3736,25.3427,25.499,25.4778,25.4754
Q12159,24.1437,24.2441,24.1328,24.2699,24.4341,24.3911
P00360,27.6076,27.7054,27.5797,27.7459,27.8824,27.8368
P18239,27.4481,27.4829,27.5203,27.5965,27.6699,27.7557
P28272,27.5393,27.5997,27.5231,27.6596,27.8104,27.762
A6ZRM0;B3LP64;B5VQJ1;C7GPD7;C8ZG13;P80210,23.4262,23.4732,23.5167,23.6502,23.5403,23.5219
P07260,25.4522,25.4073,25.4823,25.5248,25.72,25.6635
Q05775,23.1899,23.5823,23.4442,23.5762,23.6229,23.5828
Q12458,24.685,24.546,24.6145,24.4176,25.2654,24.7263
P02557,24.7627,24.547,24.6054,24.6514,24.7955,24.7718
P15180,26.6999,26.7969,26.7383,26.8418,26.8824,26.8152
P34760,29.7854,29.738,29.7758,29.8121,29.9066,29.8854
P28777,24.4244,24.3729,24.4485,24.1479,24.7277,24.6754
P33297,23.8824,23.9099,23.8017,24.169,23.9401,24.0449
P61830,26.3091,26.3762,26.3789,26.3304,26.5208,26.5194
P38787,22.8324,22.6881,22.592,22.6765,22.8047,22.9381
Q04062,22.7584,22.8771,22.6821,22.7542,22.8755,22.9948
P32337,22.0851,22.3502,22.2775,22.0116,22.4461,22.5639
P53252,26.8805,26.8529,26.8683,26.9476,26.9544,27.0095
P32891,21.9874,21.7513,21.9877,22.0116,22.0948,22.1746
P09232,26.2759,26.3686,26.2473,26.4843,26.4446,26.5174
P09064,23.5278,23.2691,23.6037,23.5095,23.8014,23.6439
P36008,28.1705,28.1622,28.1629,28.3416,28.3099,28.398
P04037,25.3577,25.2313,25.3106,25.2965,25.4937,25.4219
P32588,24.6604,24.6225,23.2166,24.1961,24.5946,24.2613
Q05515,23.4643,23.2584,23.3906,23.5894,23.5653,23.5109
P29311,26.3729,26.4397,26.5167,26.4997,26.685,26.6964
P07264,24.4554,24.4238,24.3218,24.4649,24.556,24.4941
Q03262,21.3253,21.2478,21.4654,22.0116,21.3182,21.2599
P37012,26.2645,26.3278,26.3255,26.4537,26.4202,26.3584
P48164,25.2202,25.2468,25.2319,25.4042,25.5094,25.3349
P17709,27.2619,27.3042,27.2662,27.2768,27.4464,27.425
P00942,30.8655,30.9026,30.9203,30.8747,31.0529,31.0767
P40850,24.4648,24.55,24.3571,24.3815,24.7464,24.5604
Q06685,19.242,19.6222,19.8046,22.0116,18.4751,18.7307
P53228,22.3164,22.2359,22.2571,22.0116,22.2136,23.1308
P40472;P53616,22.9667,23.0026,22.9348,23.0749,23.1542,22.9942
P26321,28.4947,28.422,28.3872,28.5585,28.6616,28.6289
P05748;P54780,27.5862,27.596,27.6399,27.7037,27.7794,27.6595
P40093,24.5619,24.4114,24.0508,24.2547,24.7099,24.3805
P38205,22.7627,22.9802,23.0459,23.0422,23.1078,22.9599
A6ZPB3;P12962,22.472,22.423,22.4043,22.0116,22.6979,22.9122
Q06103,22.0592,22.1894,21.7961,22.2254,22.2615,22.098
P40075,24.4078,24.3567,24.3899,24.4526,24.5099,24.5172
P15705,27.7969,27.8588,27.822,27.9027,27.9594,27.9432
P27614,25.4449,25.4288,25.4434,25.5197,25.6649,25.67
O13547,26.1293,26.0683,26.1188,26.323,26.2922,26.2385
P40150,26.0961,25.9909,26.0682,26.1418,26.2884,26.2605
P0CX37;P0CX38,27.7185,27.7727,27.5973,27.5324,28.0706,27.8157
P40531,25.9106,25.8467,25.8451,25.9056,26.0429,25.9861
Q00955,26.6791,26.5997,26.706,26.8115,26.824,26.8819
Q07799,23.8289,24.0564,24.0369,23.9567,24.1967,24.103
P06738,26.5123,26.4875,26.4852,26.5818,26.7524,26.6814
P22353,22.8497,22.8111,22.6603,22.8048,22.9049,22.9464
P26784,25.4343,25.0919,25.2835,25.3686,25.5095,25.4619
P32614,24.6676,24.5556,24.632,24.628,24.8108,24.9464
P33322,23.8621,24.0738,24.064,24.2195,24.0544,24.2557
A7A1W1;B3RHV0;B5VNY0;C7GSL4;P33442,24.6521,24.7136,24.5863,24.7851,24.8027,24.8928
Q08412,21.4455,22.0651,22.1084,21.829,22.0827,22.235
P26309,23.9132,23.8871,24.0461,24.0683,24.032,24.0842
P32327;P11154,25.7389,25.8081,25.7709,25.8816,26.0203,25.9431
P43545;P53824;Q03148,20.6841,20.8608,21.1025,22.0116,20.7582,20.4045
P05739,24.8273,24.696,24.2693,24.3126,24.9177,24.9018
Q12460,24.0778,24.1269,24.0628,24.2981,24.264,24.231
P37292,25.8794,25.8694,25.914,26.004,26.0868,26.0954
A6ZXM9;B3LGZ3;Q12154,23.3909,23.5216,23.3522,23.624,23.4589,23.5242
P12695,24.8616,24.8865,24.8384,25.0388,25.0607,25.0099
P38116,21.7948,21.7962,21.8884,22.0116,21.9763,22.0142
Q03104,23.3155,22.7256,22.965,23.1319,22.9756,23.4207
P02407;P14127,27.7772,27.8404,27.588,27.7846,27.8625,27.9032
P11484,27.622,27.5965,27.4788,27.6885,27.7582,27.7707
P35691,28.7266,28.733,28.7664,28.8427,28.8523,28.8767
P0CX53;P0CX54,27.8192,27.9335,27.889,27.954,28.1283,28.0784
P38137,25.6231,25.5455,25.5486,25.6895,25.7128,25.8327
Q2V2P9,21.435,21.7631,21.7012,21.3867,21.9588,21.9018
P14843,25.675,25.5813,25.7194,25.7747,25.8075,25.9099
P05030;P19657,27.4434,27.4184,27.5046,27.4835,27.6505,27.7478
P0CX25;P0CX26,25.175,25.3208,25.3309,25.4146,25.34,25.4254
P10664;P49626,29.4849,29.5301,29.4632,29.5729,29.6254,29.6337
P46655,27.5601,27.6453,27.5635,27.6628,27.7938,27.8222
Q06142,22.3567,22.4065,22.5205,22.5469,22.6805,22.5662
P25443,27.9494,28.0919,27.9992,28.1758,28.1576,28.0635
P53981,24.2415,24.3903,24.2654,24.5631,24.3575,24.4846
P17891,23.3006,23.1505,23.1927,23.2826,23.2447,23.4742
P15992,27.3776,27.3277,27.3046,27.4121,27.5533,27.5521
P16861,28.4167,28.408,28.4366,28.4235,28.5836,28.6121
P15625,26.388,26.2182,26.2552,26.3371,26.3962,26.4861
P33327,25.4629,25.4307,25.3613,25.5123,25.5916,25.6583
A6ZT99;P38879,26.1951,26.3012,26.1988,26.2902,26.3847,26.3783
P46992,23.4837,23.4589,23.4232,23.6904,23.6441,23.3899
P25619,22.6313,22.8429,22.7589,22.7005,22.9063,22.9859
P14904,25.7929,25.8612,25.9027,25.9919,26.0425,25.8839
P17423,25.0585,25.0017,24.8048,25.1263,25.1075,25.1347
P38328,24.6897,24.6333,24.4955,24.7644,24.7552,24.8024
P40495,24.7658,24.7515,24.5803,24.5637,24.905,24.9908
P06169,32.5482,32.6308,32.6278,32.6987,32.8307,32.7799
P17967,26.6889,26.4615,26.6371,26.646,26.7157,26.7891
P0CX82;P0CX83,27.3996,27.4346,27.3147,27.4688,27.5947,27.5867
P38773;P38774,22.1409,21.8492,21.7201,22.011,21.7979,22.2663
P07342,25.7232,25.6977,25.5409,25.7973,25.8357,25.6974
P38720,29.8503,29.8531,29.8547,30.0145,30.0093,30.0291
Q04869,24.8752,24.832,24.7347,24.7942,25.093,25.0484
P32377,27.4724,27.5705,27.4714,27.6517,27.6913,27.6642
Q04947,25.4927,25.4642,25.4883,25.5815,25.6717,25.5656
P38707,27.0865,27.064,27.1193,27.1485,27.2458,27.2491
P21954,27.2318,27.1183,27.2095,27.303,27.408,27.3403
P38968,24.4094,24.393,24.1959,24.6122,24.3331,24.5438
P05694,29.3109,29.2909,29.3161,29.4314,29.5064,29.4691
P19073,21.5783,21.3318,21.2822,21.5258,21.489,21.6662
P16140,27.9789,27.9287,27.8984,28.0583,28.1063,28.1268
P21965,23.6414,23.8826,23.9936,24.0988,23.8727,23.9262
P07806,27.6325,27.598,27.6174,27.7027,27.8582,27.7721
P33416,26.2018,26.1556,26.1527,26.2087,26.321,26.3606
P53141,25.8495,25.9786,25.5974,25.8225,26.0652,26.0225
P38260,22.5228,22.4443,22.5039,22.0116,22.9849,22.8552
C7GQJ1;A6ZL22;B5VE42;P38248,25.1327,25.1253,25.1005,25.2103,25.2642,25.2658
P25605,23.3744,23.5884,23.3828,23.3471,23.6869,23.6936
P53090,27.6676,27.7297,27.7131,27.8389,27.8852,27.8696
P52893,22.668,22.6848,22.66,22.7853,22.6907,23.0199
Q12109,22.9749,23.2361,23.1368,23.2954,23.2283,23.2069
P38910,26.2345,26.1567,26.1215,26.243,26.3473,26.4042
P09938,27.2369,27.3136,27.2106,27.4477,27.3721,27.4193
Q12449,24.1097,24.1014,24.2666,24.3179,24.3287,24.3085
P29509,28.1048,28.0322,27.912,28.1969,28.1877,28.1414
P31373,28.2741,28.2124,28.3105,28.3789,28.4345,28.4599
P16862,27.6253,27.6693,27.6773,27.8129,27.7655,27.7831
P28707,26.022,26.0508,25.9707,26.0364,26.2528,26.2296
P36010,26.9707,26.9499,26.9903,27.0439,27.1437,27.1141
P49723,27.8359,27.8335,27.8308,27.9072,28.0001,28.0661
P0C2H6;P0C2H7,27.6543,27.507,27.4718,27.5322,27.7607,27.7346
Q3E7Z5,20.89,20.7792,21.6424,21.2332,21.4041,21.072
P32565,24.672,24.6511,24.5871,24.6736,24.821,24.883
P03962,25.8779,25.7623,25.8423,25.8873,26.0081,25.9857
P02400,27.7095,27.7221,27.6508,27.718,27.9617,27.8016
P38754;P36105,27.453,27.4248,27.4652,27.5344,27.6553,27.6176
P49167,25.3233,25.3057,25.2426,25.4598,25.3992,25.4143
P18544,21.8486,21.6281,22.1283,22.1305,22.0663,21.8122
Q05506,25.7651,25.9183,25.8723,25.9446,26.0409,26.0313
P14747,21.9921,22.105,21.7971,22.0997,22.0231,22.1778
Q12213;P05737,28.7495,28.7197,28.7762,28.8611,28.9167,28.9251
P38701,27.3413,27.3454,27.4386,27.4593,27.5185,27.5574
P08067,23.0003,22.885,23.0274,23.0868,23.0415,23.1945
P32316,27.0809,27.1263,27.1443,27.1336,27.315,27.3143
P12709,30.3064,30.3206,30.3984,30.4385,30.4904,30.5084
P41805,27.4854,27.5857,27.5965,27.6821,27.6366,27.802
P39676,29.004,29.0013,29.0315,29.0895,29.1512,29.2083
P07246,24.5256,24.5351,24.5125,24.5611,24.6985,24.7664
P41940,28.4312,28.4119,28.4615,28.5271,28.5465,28.644
P47143,26.5989,26.6005,26.7453,26.6466,26.7619,26.9497
Q06449,21.8192,21.8801,21.7246,22.0116,21.9614,21.8656
P40302,23.3613,23.3677,23.1571,23.3408,23.5571,23.4383
P38788,28.1303,28.1509,28.1324,28.224,28.3544,28.2852
P32861,25.4032,25.4483,25.3327,25.4764,25.5461,25.5772
P16474,27.23,27.1338,27.2148,27.2103,27.3966,27.3876
P04840,29.0191,28.9774,29.045,29.1097,29.1495,29.1995
P41911,22.2593,22.02,22.4251,22.4974,22.4114,22.2433
P32836;P32835,27.2461,27.2713,27.176,27.3461,27.3722,27.422
P0CX47;P0CX48,27.0542,27.0067,27.0942,27.2103,27.1803,27.1835
P26783,27.8528,27.8745,27.9459,28.0269,28.0334,28.0581
P22133,26.3691,26.4264,26.3508,26.4382,26.5641,26.5652
P06101,24.7898,24.6926,24.7821,24.8046,24.9544,24.93
P17076,21.8566,22.0413,22.3514,21.811,22.9156,21.9482
P22768,25.8431,25.9236,25.8547,25.8875,26.1029,26.0706
Q12363,27.1395,27.3764,27.4066,27.1857,27.6693,27.494
P06106,27.5508,27.5353,27.5159,27.6182,27.7349,27.6873
P37291,26.9082,26.8987,26.9577,27.035,27.1428,27.0153
P04076,25.4291,25.3621,25.4328,25.5978,25.4373,25.6185
P40513,24.857,24.6995,24.8394,24.79,24.9739,25.0677
P05738;P51401,26.5938,26.566,26.568,26.687,26.7783,26.693
P53184,27.7115,27.8123,27.7122,27.8605,27.9672,27.8388
A6ZQJ1;P10081,29.1284,29.1457,29.1159,29.2217,29.2878,29.3111
P05744,25.3764,25.3939,25.2522,25.3529,25.5717,25.5316
P04456,27.5403,27.6025,27.4975,27.5912,27.721,27.7597
